,contractSymbol,lastTradeDate,strike,lastPrice,bid,ask,change,percentChange,volume,openInterest,impliedVolatility,inTheMoney,contractSize,currency
0,SPXW250310P02400000,2025-03-07 14:30:06+00:00,2400.0,0.05,0.0,0.05,0.020000001,66.66667,3.0,61.0,3.2187519531249995,False,REGULAR,USD
1,SPXW250310P02600000,2025-03-04 15:14:44+00:00,2600.0,0.05,0.0,0.05,0.0,0.0,1.0,60.0,2.93750265625,False,REGULAR,USD
2,SPXW250310P02800000,2025-02-10 18:31:54+00:00,2800.0,0.21,0.0,0.05,0.0,0.0,1.0,21.0,2.6718783203125005,False,REGULAR,USD
3,SPXW250310P03000000,2025-02-26 15:08:22+00:00,3000.0,0.05,0.0,0.05,0.0,0.0,10.0,54.0,2.42969142578125,False,REGULAR,USD
4,SPXW250310P03200000,2025-03-03 20:39:43+00:00,3200.0,0.05,0.0,0.05,0.0,0.0,20.0,183.0,2.2031294921874993,False,REGULAR,USD
5,SPXW250310P03400000,2025-03-04 15:18:14+00:00,3400.0,0.05,0.0,0.05,0.0,0.0,40.0,43.0,1.984375078125,False,REGULAR,USD
6,SPXW250310P03600000,2025-03-04 19:32:54+00:00,3600.0,0.05,0.0,0.05,0.0,0.0,4.0,784.0,1.78125109375,False,REGULAR,USD
7,SPXW250310P03800000,2025-03-05 18:06:49+00:00,3800.0,0.05,0.0,0.05,0.0,0.0,200.0,2353.0,1.5859395703124997,False,REGULAR,USD
8,SPXW250310P04000000,2025-03-06 14:30:59+00:00,4000.0,0.05,0.0,0.05,0.0,0.0,20.0,3396.0,1.3984405078125,False,REGULAR,USD
9,SPXW250310P04200000,2025-03-07 11:45:07+00:00,4200.0,0.05,0.0,0.05,0.0,0.0,14.0,4429.0,1.22266013671875,False,REGULAR,USD
10,SPXW250310P04400000,2025-03-06 21:07:49+00:00,4400.0,0.04,0.0,0.05,0.0,0.0,336.0,3899.0,1.0546922265625,False,REGULAR,USD
11,SPXW250310P04500000,2025-03-07 20:33:33+00:00,4500.0,0.05,0.0,0.05,0.0,0.0,438.0,7296.0,0.9687503125,False,REGULAR,USD
12,SPXW250310P04600000,2025-03-07 20:45:59+00:00,4600.0,0.05,0.0,0.05,-0.05,-50.0,3149.0,6249.0,0.8906260937499999,False,REGULAR,USD
13,SPXW250310P04700000,2025-03-07 21:01:17+00:00,4700.0,0.05,0.0,0.05,-0.05,-50.0,7283.0,8824.0,0.8125018749999999,False,REGULAR,USD
14,SPXW250310P04750000,2025-03-07 21:12:00+00:00,4750.0,0.03,0.0,0.05,0.03,,7375.0,6496.0,0.7695335546875001,False,REGULAR,USD
15,SPXW250310P04800000,2025-03-07 21:11:59+00:00,4800.0,0.05,0.0,0.05,-0.10000001,-66.66667,4919.0,14188.0,0.7304714453125,False,REGULAR,USD
16,SPXW250310P04850000,2025-03-07 21:14:38+00:00,4850.0,0.05,0.0,0.1,0.05,,1666.0,2709.0,0.7304714453125,False,REGULAR,USD
17,SPXW250310P04900000,2025-03-07 21:12:27+00:00,4900.0,0.05,0.0,0.1,-0.15,-75.0,283.0,2244.0,0.6894562304687502,False,REGULAR,USD
18,SPXW250310P04950000,2025-03-07 20:55:08+00:00,4950.0,0.07,0.0,0.1,0.07,,334.0,1238.0,0.65039412109375,False,REGULAR,USD
19,SPXW250310P04975000,2025-03-07 16:36:23+00:00,4975.0,0.1,0.0,0.1,0.1,,163.0,13.0,0.63086306640625,False,REGULAR,USD
20,SPXW250310P05000000,2025-03-07 21:03:04+00:00,5000.0,0.05,0.0,0.1,-0.2,-80.0,222.0,11847.0,0.6103554589843752,False,REGULAR,USD
21,SPXW250310P05025000,2025-03-07 20:55:18+00:00,5025.0,0.05,0.0,0.1,0.05,,352.0,251.0,0.5898478515625001,False,REGULAR,USD
22,SPXW250310P05050000,2025-03-07 21:03:02+00:00,5050.0,0.05,0.0,0.1,-0.25,-83.33333,162.0,146.0,0.570316796875,False,REGULAR,USD
23,SPXW250310P05075000,2025-03-07 20:24:50+00:00,5075.0,0.1,0.0,0.1,0.1,,38.0,538.0,0.5507857421875001,False,REGULAR,USD
24,SPXW250310P05100000,2025-03-07 21:09:01+00:00,5100.0,0.07,0.0,0.1,-0.28,-80.0,12278.0,12824.0,0.5312546875,False,REGULAR,USD
25,SPXW250310P05125000,2025-03-07 20:46:04+00:00,5125.0,0.1,0.0,0.1,0.1,,497.0,421.0,0.5117236328125,False,REGULAR,USD
26,SPXW250310P05150000,2025-03-07 21:14:11+00:00,5150.0,0.1,0.0,0.1,-0.35,-77.77778,171.0,773.0,0.5224657128906249,False,REGULAR,USD
27,SPXW250310P05175000,2025-03-07 21:01:13+00:00,5175.0,0.07,0.0,0.1,-0.33,-82.50001,74.0,199.0,0.5019581054687501,False,REGULAR,USD
28,SPXW250310P05200000,2025-03-07 21:00:19+00:00,5200.0,0.1,0.0,0.1,-0.35,-77.77778,4210.0,3010.0,0.4819387744140625,False,REGULAR,USD
29,SPXW250310P05225000,2025-03-07 20:59:46+00:00,5225.0,0.1,0.0,0.15,-0.4,-80.0,353.0,191.0,0.47949739257812496,False,REGULAR,USD
30,SPXW250310P05250000,2025-03-07 20:55:10+00:00,5250.0,0.1,0.0,0.15,-0.54999995,-84.61538,140.0,884.0,0.4585015087890626,False,REGULAR,USD
31,SPXW250310P05275000,2025-03-07 21:13:01+00:00,5275.0,0.1,0.0,0.15,-0.57,-85.07462,639.0,323.0,0.437505625,False,REGULAR,USD
32,SPXW250310P05280000,2025-03-07 20:55:57+00:00,5280.0,0.1,0.0,0.15,0.1,,342.0,,0.4335994140625,False,REGULAR,USD
33,SPXW250310P05290000,2025-03-07 20:42:04+00:00,5290.0,0.15,0.0,0.15,0.15,,240.0,,0.424810439453125,False,REGULAR,USD
34,SPXW250310P05300000,2025-03-07 21:11:07+00:00,5300.0,0.1,0.05,0.15,-0.65,-86.666664,2240.0,1574.0,0.4165097412109374,False,REGULAR,USD
35,SPXW250310P05310000,2025-03-07 20:50:12+00:00,5310.0,0.1,0.0,0.15,0.1,,71.0,,0.40820904296875,False,REGULAR,USD
36,SPXW250310P05320000,2025-03-07 21:06:05+00:00,5320.0,0.1,0.05,0.15,0.1,,188.0,27.0,0.39990834472656256,False,REGULAR,USD
37,SPXW250310P05325000,2025-03-07 21:04:07+00:00,5325.0,0.1,0.05,0.15,-0.75,-88.23529,141.0,155.0,0.39551385742187506,False,REGULAR,USD
38,SPXW250310P05330000,2025-03-07 21:04:07+00:00,5330.0,0.1,0.05,0.15,0.1,,3540.0,2075.0,0.39160764648437496,False,REGULAR,USD
39,SPXW250310P05340000,2025-03-07 21:13:48+00:00,5340.0,0.1,0.05,0.15,0.1,,432.0,97.0,0.3833069482421875,False,REGULAR,USD
40,SPXW250310P05350000,2025-03-07 21:12:54+00:00,5350.0,0.15,0.05,0.15,-0.70000005,-82.35294,4697.0,6054.0,0.3745179736328125,False,REGULAR,USD
41,SPXW250310P05360000,2025-03-07 21:03:40+00:00,5360.0,0.1,0.05,0.2,0.1,,406.0,29.0,0.37744763183593744,False,REGULAR,USD
42,SPXW250310P05370000,2025-03-07 21:10:47+00:00,5370.0,0.1,0.05,0.2,0.1,,644.0,47.0,0.36865865722656255,False,REGULAR,USD
43,SPXW250310P05375000,2025-03-07 21:06:22+00:00,5375.0,0.15,0.05,0.2,-0.85,-85.0,1281.0,1602.0,0.3645083081054688,False,REGULAR,USD
44,SPXW250310P05380000,2025-03-07 21:05:46+00:00,5380.0,0.15,0.05,0.2,0.15,,976.0,226.0,0.36035795898437495,False,REGULAR,USD
45,SPXW250310P05390000,2025-03-07 21:10:38+00:00,5390.0,0.1,0.05,0.2,0.1,,1143.0,92.0,0.35156898437499995,False,REGULAR,USD
46,SPXW250310P05395000,2025-03-07 21:01:44+00:00,5395.0,0.1,0.05,0.2,0.1,,125.0,,0.34717449707031245,False,REGULAR,USD
47,SPXW250310P05400000,2025-03-07 21:14:49+00:00,5400.0,0.12,0.05,0.2,-1.18,-90.76923,8990.0,1781.0,0.3430241479492187,False,REGULAR,USD
48,SPXW250310P05405000,2025-03-07 21:03:00+00:00,5405.0,0.1,0.1,0.2,0.1,,98.0,,0.33887379882812496,False,REGULAR,USD
49,SPXW250310P05410000,2025-03-07 20:58:49+00:00,5410.0,0.15,0.1,0.2,0.15,,504.0,156.0,0.33447931152343746,False,REGULAR,USD
50,SPXW250310P05415000,2025-03-07 21:10:20+00:00,5415.0,0.15,0.1,0.2,0.15,,78.0,,0.33008482421874996,False,REGULAR,USD
51,SPXW250310P05420000,2025-03-07 21:10:18+00:00,5420.0,0.15,0.1,0.2,0.15,,712.0,924.0,0.32569033691406246,False,REGULAR,USD
52,SPXW250310P05425000,2025-03-07 21:14:55+00:00,5425.0,0.15,0.1,0.2,-1.5500001,-91.176476,2632.0,612.0,0.3215399877929687,False,REGULAR,USD
53,SPXW250310P05430000,2025-03-07 21:14:51+00:00,5430.0,0.15,0.1,0.2,0.15,,1502.0,155.0,0.317389638671875,False,REGULAR,USD
54,SPXW250310P05435000,2025-03-07 20:42:48+00:00,5435.0,0.3,0.1,0.25,0.3,,238.0,186.0,0.32080757324218745,False,REGULAR,USD
55,SPXW250310P05440000,2025-03-07 21:05:46+00:00,5440.0,0.15,0.1,0.25,0.15,,462.0,96.0,0.31641308593749995,False,REGULAR,USD
56,SPXW250310P05445000,2025-03-07 21:03:04+00:00,5445.0,0.15,0.1,0.25,0.15,,134.0,32.0,0.31201859863281245,False,REGULAR,USD
57,SPXW250310P05450000,2025-03-07 21:14:36+00:00,5450.0,0.2,0.15,0.25,-2.05,-91.111115,6180.0,2203.0,0.30762411132812495,False,REGULAR,USD
58,SPXW250310P05455000,2025-03-07 21:06:24+00:00,5455.0,0.2,0.15,0.3,0.2,,1696.0,410.0,0.309577216796875,False,REGULAR,USD
59,SPXW250310P05460000,2025-03-07 21:11:18+00:00,5460.0,0.2,0.15,0.3,0.2,,848.0,75.0,0.3051827294921875,False,REGULAR,USD
60,SPXW250310P05465000,2025-03-07 21:10:02+00:00,5465.0,0.2,0.15,0.3,0.2,,256.0,272.0,0.3007882421875,False,REGULAR,USD
61,SPXW250310P05470000,2025-03-07 20:56:21+00:00,5470.0,0.15,0.15,0.3,0.15,,483.0,449.0,0.29614961669921874,False,REGULAR,USD
62,SPXW250310P05475000,2025-03-07 21:09:28+00:00,5475.0,0.2,0.15,0.3,-2.7,-93.10345,2435.0,1294.0,0.29175512939453113,False,REGULAR,USD
63,SPXW250310P05480000,2025-03-07 21:14:06+00:00,5480.0,0.2,0.2,0.35,0.2,,818.0,545.0,0.29273168212890616,False,REGULAR,USD
64,SPXW250310P05485000,2025-03-07 21:09:59+00:00,5485.0,0.22,0.2,0.35,0.22,,1568.0,67.0,0.2880930566406249,False,REGULAR,USD
65,SPXW250310P05490000,2025-03-07 21:03:48+00:00,5490.0,0.25,0.2,0.35,0.25,,503.0,179.0,0.28357650024414055,False,REGULAR,USD
66,SPXW250310P05495000,2025-03-07 21:10:12+00:00,5495.0,0.27,0.2,0.35,0.27,,1122.0,86.0,0.2790599438476562,False,REGULAR,USD
67,SPXW250310P05500000,2025-03-07 21:14:49+00:00,5500.0,0.27,0.25,0.4,-3.49,-92.819145,10257.0,2677.0,0.2790599438476562,False,REGULAR,USD
68,SPXW250310P05505000,2025-03-07 20:56:45+00:00,5505.0,0.2,0.25,0.4,0.2,,492.0,97.0,0.274421318359375,False,REGULAR,USD
69,SPXW250310P05510000,2025-03-07 21:11:33+00:00,5510.0,0.3,0.25,0.4,-3.7,-92.5,716.0,380.0,0.26978269287109374,False,REGULAR,USD
70,SPXW250310P05515000,2025-03-07 21:11:16+00:00,5515.0,0.3,0.3,0.45,0.3,,607.0,154.0,0.26929441650390623,False,REGULAR,USD
71,SPXW250310P05520000,2025-03-07 21:14:21+00:00,5520.0,0.3,0.3,0.45,-4.3999996,-93.61702,736.0,932.0,0.26453372192382807,False,REGULAR,USD
72,SPXW250310P05525000,2025-03-07 21:14:57+00:00,5525.0,0.35,0.35,0.5,-4.75,-93.13726,2674.0,693.0,0.26355716918945316,False,REGULAR,USD
73,SPXW250310P05530000,2025-03-07 21:14:27+00:00,5530.0,0.35,0.35,0.55,-4.9500003,-93.396225,1583.0,382.0,0.2622144091796875,False,REGULAR,USD
74,SPXW250310P05535000,2025-03-07 21:12:18+00:00,5535.0,0.45,0.4,0.55,0.45,,847.0,138.0,0.2573316455078125,False,REGULAR,USD
75,SPXW250310P05540000,2025-03-07 21:13:22+00:00,5540.0,0.5,0.45,0.6,-6.0,-92.30769,2144.0,3601.0,0.2556226782226563,False,REGULAR,USD
76,SPXW250310P05545000,2025-03-07 21:14:18+00:00,5545.0,0.5,0.5,0.65,0.5,,1296.0,85.0,0.2536695727539063,False,REGULAR,USD
77,SPXW250310P05550000,2025-03-07 21:14:48+00:00,5550.0,0.54,0.6,0.7,-7.26,-93.07693,8189.0,2134.0,0.2514723291015625,False,REGULAR,USD
78,SPXW250310P05555000,2025-03-07 21:14:45+00:00,5555.0,0.55,0.6,0.75,0.55,,2760.0,80.0,0.249030947265625,False,REGULAR,USD
79,SPXW250310P05560000,2025-03-07 21:10:37+00:00,5560.0,0.7,0.65,0.8,-8.2,-92.134834,1375.0,386.0,0.24646749633789064,False,REGULAR,USD
80,SPXW250310P05565000,2025-03-07 21:09:51+00:00,5565.0,0.75,0.7,0.85,0.75,,1051.0,140.0,0.2436599072265625,False,REGULAR,USD
81,SPXW250310P05570000,2025-03-07 21:13:11+00:00,5570.0,0.85,0.8,1.0,-9.349999,-91.666664,2216.0,728.0,0.24481956359863283,False,REGULAR,USD
82,SPXW250310P05575000,2025-03-07 21:11:21+00:00,5575.0,1.0,0.85,1.05,-9.32,-90.31008,1620.0,384.0,0.2415236981201172,False,REGULAR,USD
83,SPXW250310P05580000,2025-03-07 21:14:36+00:00,5580.0,1.0,1.0,1.1,-9.6,-90.56604,2562.0,238.0,0.23810576354980467,False,REGULAR,USD
84,SPXW250310P05585000,2025-03-07 21:14:28+00:00,5585.0,1.15,1.1,1.3,1.15,,827.0,109.0,0.23957059265136715,False,REGULAR,USD
85,SPXW250310P05590000,2025-03-07 21:14:18+00:00,5590.0,1.3,1.2,1.45,1.3,,1675.0,819.0,0.2387771435546875,False,REGULAR,USD
86,SPXW250310P05595000,2025-03-07 21:11:40+00:00,5595.0,1.55,1.35,1.6,1.55,,1360.0,105.0,0.23749541809082028,False,REGULAR,USD
87,SPXW250310P05600000,2025-03-07 21:14:53+00:00,5600.0,1.55,1.55,1.75,-11.55,-88.16794,8203.0,1240.0,0.23584748535156247,False,REGULAR,USD
88,SPXW250310P05605000,2025-03-07 21:14:57+00:00,5605.0,1.75,1.75,1.9,1.75,,1158.0,60.0,0.23389437988281248,False,REGULAR,USD
89,SPXW250310P05610000,2025-03-07 21:10:41+00:00,5610.0,2.2,1.95,2.2,-13.38,-85.87933,1538.0,275.0,0.23499300170898438,False,REGULAR,USD
90,SPXW250310P05615000,2025-03-07 21:14:53+00:00,5615.0,2.2,2.2,2.45,2.2,,907.0,73.0,0.23432162170410153,False,REGULAR,USD
91,SPXW250310P05620000,2025-03-07 21:14:52+00:00,5620.0,2.4,2.45,2.7,-19.18,-88.87859,1416.0,297.0,0.23316196533203126,False,REGULAR,USD
92,SPXW250310P05625000,2025-03-07 21:14:44+00:00,5625.0,2.78,2.75,3.1,-15.320001,-84.640884,1271.0,957.0,0.2342605871582031,False,REGULAR,USD
93,SPXW250310P05630000,2025-03-07 21:14:53+00:00,5630.0,3.1,3.1,3.4,-15.35,-83.19783,3250.0,605.0,0.23297886169433596,False,REGULAR,USD
94,SPXW250310P05635000,2025-03-07 21:14:25+00:00,5635.0,3.62,3.4,3.8,3.62,,822.0,211.0,0.23282627532958983,False,REGULAR,USD
95,SPXW250310P05640000,2025-03-07 21:14:32+00:00,5640.0,4.0,3.8,4.2,-16.9,-80.861244,1508.0,206.0,0.23212437805175778,False,REGULAR,USD
96,SPXW250310P05645000,2025-03-07 21:14:57+00:00,5645.0,4.3,4.3,4.7,4.3,,1019.0,152.0,0.2322464471435547,False,REGULAR,USD
97,SPXW250310P05650000,2025-03-07 21:14:51+00:00,5650.0,4.84,4.8,5.2,-18.13,-78.92904,7499.0,1834.0,0.2317886880493164,False,REGULAR,USD
98,SPXW250310P05655000,2025-03-07 21:14:53+00:00,5655.0,5.3,5.3,5.8,-20.900002,-79.770996,1158.0,128.0,0.23200230895996093,False,REGULAR,USD
99,SPXW250310P05660000,2025-03-07 21:14:57+00:00,5660.0,5.9,5.9,6.4,-19.57,-76.835495,3313.0,221.0,0.2316055844116211,False,REGULAR,USD
100,SPXW250310P05665000,2025-03-07 21:14:29+00:00,5665.0,6.83,6.6,7.0,-21.97,-76.28472,2172.0,145.0,0.2306595489501953,False,REGULAR,USD
101,SPXW250310P05670000,2025-03-07 21:13:56+00:00,5670.0,7.8,7.3,7.7,-22.5,-74.25743,1827.0,272.0,0.23024756576538086,False,REGULAR,USD
102,SPXW250310P05675000,2025-03-07 21:14:53+00:00,5675.0,8.0,8.0,8.5,-23.0,-74.19355,2475.0,471.0,0.23023230712890624,False,REGULAR,USD
103,SPXW250310P05680000,2025-03-07 21:14:54+00:00,5680.0,8.83,8.9,9.3,-22.32,-71.65329,2588.0,848.0,0.2296372203063965,False,REGULAR,USD
104,SPXW250310P05685000,2025-03-07 21:14:54+00:00,5685.0,9.7,9.7,10.2,-23.3,-70.60606,1504.0,468.0,0.2293625648498535,False,REGULAR,USD
105,SPXW250310P05690000,2025-03-07 21:14:54+00:00,5690.0,10.65,10.7,11.2,-24.090002,-69.3437,1827.0,408.0,0.22937782348632813,False,REGULAR,USD
106,SPXW250310P05695000,2025-03-07 21:14:29+00:00,5695.0,11.97,11.7,12.2,-27.71,-69.833664,1672.0,196.0,0.22878273666381838,False,REGULAR,USD
107,SPXW250310P05700000,2025-03-07 21:14:56+00:00,5700.0,12.5,12.8,13.3,-25.400002,-67.01847,8871.0,3031.0,0.2284165293884277,False,REGULAR,USD
108,SPXW250310P05705000,2025-03-07 21:14:36+00:00,5705.0,13.95,13.9,14.5,-33.26,-70.45118,1033.0,155.0,0.2282181671142578,False,REGULAR,USD
109,SPXW250310P05710000,2025-03-07 21:14:54+00:00,5710.0,14.97,15.1,15.7,-26.629997,-64.01442,1340.0,368.0,0.2274399766540527,False,REGULAR,USD
110,SPXW250310P05715000,2025-03-07 21:14:59+00:00,5715.0,16.3,16.4,17.0,-35.3,-68.41086,950.0,310.0,0.2268143725585937,False,REGULAR,USD
111,SPXW250310P05720000,2025-03-07 21:14:54+00:00,5720.0,17.7,17.8,18.4,-31.009998,-63.662487,1631.0,417.0,0.22629557891845703,False,REGULAR,USD
112,SPXW250310P05725000,2025-03-07 21:14:53+00:00,5725.0,19.1,19.3,19.9,-28.699999,-60.04184,1853.0,621.0,0.22586833709716797,False,REGULAR,USD
113,SPXW250310P05730000,2025-03-07 21:14:04+00:00,5730.0,21.7,20.9,21.5,-27.68,-56.05508,2924.0,293.0,0.2255021298217773,False,REGULAR,USD
114,SPXW250310P05735000,2025-03-07 21:14:26+00:00,5735.0,23.04,22.5,23.2,-28.489998,-55.288177,1500.0,302.0,0.22517406913757324,False,REGULAR,USD
115,SPXW250310P05740000,2025-03-07 21:14:54+00:00,5740.0,23.96,24.3,24.9,-30.420002,-55.939686,2687.0,307.0,0.22425092163085933,False,REGULAR,USD
116,SPXW250310P05745000,2025-03-07 21:13:09+00:00,5745.0,27.2,26.1,26.8,-28.649998,-51.29812,1082.0,253.0,0.22397626617431637,False,REGULAR,USD
117,SPXW250310P05750000,2025-03-07 21:14:40+00:00,5750.0,28.0,28.0,28.7,-31.0,-52.54237,2717.0,1223.0,0.22309889457702634,False,REGULAR,USD
118,SPXW250310P05755000,2025-03-07 21:14:49+00:00,5755.0,29.6,30.1,30.8,-31.199999,-51.315792,1053.0,513.0,0.22281660980224605,False,REGULAR,USD
119,SPXW250310P05760000,2025-03-07 21:14:14+00:00,5760.0,32.79,32.2,32.9,-30.61,-48.280758,1797.0,408.0,0.2219316088867187,False,REGULAR,USD
120,SPXW250310P05765000,2025-03-07 21:13:42+00:00,5765.0,35.15,34.5,35.2,-31.049995,-46.903316,1129.0,128.0,0.22161117752075193,False,REGULAR,USD
121,SPXW250310P05770000,2025-03-07 21:14:26+00:00,5770.0,37.37,36.8,37.6,-31.329998,-45.604073,1948.0,191.0,0.22126022888183594,False,REGULAR,USD
122,SPXW250310P05775000,2025-03-07 21:13:37+00:00,5775.0,39.95,39.3,40.1,-40.95,-50.618046,2562.0,306.0,0.22087876296997067,True,REGULAR,USD
123,SPXW250310P05780000,2025-03-07 21:11:27+00:00,5780.0,43.3,41.9,42.6,-32.820004,-43.116135,461.0,174.0,0.21987169296264647,True,REGULAR,USD
124,SPXW250310P05785000,2025-03-07 21:09:48+00:00,5785.0,44.5,44.6,45.4,-31.900002,-41.753925,281.0,1065.0,0.22001665000915524,True,REGULAR,USD
125,SPXW250310P05790000,2025-03-07 21:13:37+00:00,5790.0,48.05,47.4,48.3,-30.850002,-39.10013,442.0,492.0,0.22013108978271478,True,REGULAR,USD
126,SPXW250310P05795000,2025-03-07 21:13:32+00:00,5795.0,51.15,50.3,51.3,-30.650002,-37.469437,238.0,123.0,0.22023790023803708,True,REGULAR,USD
127,SPXW250310P05800000,2025-03-07 21:13:32+00:00,5800.0,54.2,53.3,54.3,-31.02,-36.399906,1359.0,2221.0,0.2197114772796631,True,REGULAR,USD
128,SPXW250310P05805000,2025-03-07 21:13:27+00:00,5805.0,57.36,56.4,57.5,-33.839996,-37.10526,211.0,162.0,0.2197953997802734,True,REGULAR,USD
129,SPXW250310P05810000,2025-03-07 20:59:36+00:00,5810.0,56.49,57.8,62.8,-44.709995,-44.17984,200.0,152.0,0.2326202837371826,True,REGULAR,USD
130,SPXW250310P05815000,2025-03-07 21:14:45+00:00,5815.0,62.8,61.2,66.2,-47.610004,-43.121098,101.0,115.0,0.2330246376037598,True,REGULAR,USD
131,SPXW250310P05820000,2025-03-07 21:13:43+00:00,5820.0,67.35,64.7,69.7,-45.1,-40.106712,88.0,144.0,0.23352817260742187,True,REGULAR,USD
132,SPXW250310P05825000,2025-03-07 21:14:45+00:00,5825.0,69.83,69.4,71.6,-39.769997,-36.286495,250.0,512.0,0.2225114370727539,True,REGULAR,USD
133,SPXW250310P05830000,2025-03-07 21:07:27+00:00,5830.0,77.7,71.9,77.1,-31.660004,-28.950258,289.0,209.0,0.2355728298950195,True,REGULAR,USD
134,SPXW250310P05835000,2025-03-07 20:58:06+00:00,5835.0,72.44,75.8,81.0,-44.35,-37.97414,189.0,184.0,0.23722076263427733,True,REGULAR,USD
135,SPXW250310P05840000,2025-03-07 21:12:49+00:00,5840.0,83.62,79.7,84.9,-32.67,-28.09356,184.0,511.0,0.23839567764282227,True,REGULAR,USD
136,SPXW250310P05845000,2025-03-07 21:01:23+00:00,5845.0,87.3,83.7,89.0,-35.85,-29.11084,295.0,372.0,0.2405776626586914,True,REGULAR,USD
137,SPXW250310P05850000,2025-03-07 21:07:51+00:00,5850.0,92.32,87.8,93.1,-25.720001,-21.789225,365.0,528.0,0.24233240585327148,True,REGULAR,USD
138,SPXW250310P05855000,2025-03-07 21:10:55+00:00,5855.0,95.75,92.0,97.3,-31.220001,-24.588486,105.0,155.0,0.2444380976867676,True,REGULAR,USD
139,SPXW250310P05860000,2025-03-07 21:10:55+00:00,5860.0,100.11,96.3,101.7,-30.61,-23.416462,105.0,269.0,0.24781025634765624,True,REGULAR,USD
140,SPXW250310P05865000,2025-03-07 21:13:29+00:00,5865.0,103.7,100.5,106.2,-28.630005,-21.63531,53.0,160.0,0.25171646728515623,True,REGULAR,USD
141,SPXW250310P05870000,2025-03-07 21:13:29+00:00,5870.0,108.2,106.1,108.8,-31.440002,-22.515041,175.0,888.0,0.2381667980957031,True,REGULAR,USD
142,SPXW250310P05875000,2025-03-07 21:07:07+00:00,5875.0,114.1,109.5,115.3,-29.269997,-20.415705,175.0,645.0,0.25962044097900394,True,REGULAR,USD
143,SPXW250310P05880000,2025-03-07 21:04:08+00:00,5880.0,124.29,114.1,119.9,-26.109993,-17.360369,128.0,263.0,0.26364872100830083,True,REGULAR,USD
144,SPXW250310P05885000,2025-03-07 21:00:21+00:00,5885.0,120.5,118.7,124.6,-32.910004,-21.45232,25.0,158.0,0.26840941558837883,True,REGULAR,USD
145,SPXW250310P05890000,2025-03-07 20:50:53+00:00,5890.0,127.9,123.4,129.3,-37.219994,-22.54118,79.0,204.0,0.2729870065307617,True,REGULAR,USD
146,SPXW250310P05895000,2025-03-07 20:54:36+00:00,5895.0,132.2,128.2,134.1,-46.72,-26.112228,63.0,92.0,0.27838856384277344,True,REGULAR,USD
147,SPXW250310P05900000,2025-03-07 21:12:30+00:00,5900.0,137.5,134.1,136.9,-28.529999,-17.183641,183.0,1781.0,0.26236699554443366,True,REGULAR,USD
148,SPXW250310P05905000,2025-03-07 21:03:31+00:00,5905.0,151.2,137.8,143.8,-37.309998,-19.792053,10.0,73.0,0.28983254119873036,True,REGULAR,USD
149,SPXW250310P05910000,2025-03-07 20:54:29+00:00,5910.0,147.91,143.8,146.6,-34.42,-18.877857,273.0,934.0,0.2726513165283203,True,REGULAR,USD
150,SPXW250310P05915000,2025-03-07 20:49:04+00:00,5915.0,149.0,147.5,153.5,-41.839996,-21.924124,67.0,54.0,0.30086453536987307,True,REGULAR,USD
151,SPXW250310P05920000,2025-03-07 21:04:08+00:00,5920.0,163.09,152.4,158.4,-22.5,-12.123498,294.0,508.0,0.30676962768554683,True,REGULAR,USD
152,SPXW250310P05925000,2025-03-07 20:59:45+00:00,5925.0,154.63,157.4,163.4,-35.97,-18.871984,28.0,290.0,0.31371230728149413,True,REGULAR,USD
153,SPXW250310P05930000,2025-03-07 20:55:50+00:00,5930.0,151.1,162.3,168.3,-42.36,-21.895998,307.0,141.0,0.31949533050537104,True,REGULAR,USD
154,SPXW250310P05935000,2025-03-07 20:30:23+00:00,5935.0,166.22,167.3,173.3,-31.619995,-15.98261,35.0,120.0,0.3263311996459961,True,REGULAR,USD
155,SPXW250310P05940000,2025-03-07 20:56:45+00:00,5940.0,166.9,172.2,178.3,-36.740005,-18.041645,224.0,591.0,0.33312129287719733,True,REGULAR,USD
156,SPXW250310P05945000,2025-03-07 20:12:47+00:00,5945.0,170.86,169.8,188.1,-12.360001,-6.745989,25.0,64.0,0.390982042388916,True,REGULAR,USD
157,SPXW250310P05950000,2025-03-07 20:36:36+00:00,5950.0,188.23,174.7,193.7,-30.080002,-13.778573,211.0,712.0,0.4041502456665039,True,REGULAR,USD
158,SPXW250310P05955000,2025-03-07 20:36:06+00:00,5955.0,190.51,182.2,198.1,-1.4600067,-0.760539,68.0,154.0,0.4054319711303711,True,REGULAR,USD
159,SPXW250310P05960000,2025-03-07 21:01:52+00:00,5960.0,198.15,184.7,203.5,27.039993,15.802696,128.0,362.0,0.41663181030273433,True,REGULAR,USD
160,SPXW250310P05965000,2025-03-07 19:50:05+00:00,5965.0,207.01,189.7,208.0,-29.720001,-12.554388,51.0,124.0,0.41870698486328123,True,REGULAR,USD
161,SPXW250310P05970000,2025-03-07 20:47:49+00:00,5970.0,208.09,194.7,213.5,-44.589996,-17.646826,11.0,183.0,0.43092915267944343,True,REGULAR,USD
162,SPXW250310P05975000,2025-03-07 20:47:49+00:00,5975.0,213.17,200.1,218.5,-25.930008,-10.844838,66.0,193.0,0.43802441864013675,True,REGULAR,USD
163,SPXW250310P05980000,2025-03-07 20:14:30+00:00,5980.0,209.16,204.7,223.4,-33.34999,-13.7520075,1261.0,386.0,0.4440363214111328,True,REGULAR,USD
164,SPXW250310P05985000,2025-03-07 20:18:52+00:00,5985.0,214.77,209.7,228.0,-51.789993,-19.42902,86.0,234.0,0.44681339324951175,True,REGULAR,USD
165,SPXW250310P05990000,2025-03-07 20:43:24+00:00,5990.0,239.16,214.6,233.5,-6.0399933,-2.4632926,63.0,238.0,0.45905081970214845,True,REGULAR,USD
166,SPXW250310P05995000,2025-03-07 21:03:57+00:00,5995.0,239.41,219.7,240.2,-24.919983,-9.427604,56.0,239.0,0.483678258972168,True,REGULAR,USD
167,SPXW250310P06000000,2025-03-07 21:04:31+00:00,6000.0,238.83,224.6,243.5,-23.419998,-8.9304085,163.0,860.0,0.4729209202575684,True,REGULAR,USD
168,SPXW250310P06005000,2025-03-07 19:59:36+00:00,6005.0,244.25,229.6,250.3,40.42,19.83025,40.0,109.0,0.49878430908203125,True,REGULAR,USD
169,SPXW250310P06010000,2025-03-07 18:21:47+00:00,6010.0,263.91,236.8,253.5,-20.220001,-7.116461,46.0,123.0,0.4866384344482422,True,REGULAR,USD
170,SPXW250310P06015000,2025-03-07 20:08:37+00:00,6015.0,244.17,239.6,258.0,-42.560013,-14.843236,11.0,211.0,0.48792015991210946,True,REGULAR,USD
171,SPXW250310P06020000,2025-03-07 21:00:23+00:00,6020.0,253.5,246.8,263.5,-40.190002,-13.684498,61.0,242.0,0.5002491381835938,True,REGULAR,USD
172,SPXW250310P06025000,2025-03-07 19:50:07+00:00,6025.0,267.47,251.8,268.5,-18.600006,-6.5019073,76.0,301.0,0.5069934555053711,True,REGULAR,USD
173,SPXW250310P06030000,2025-03-07 20:26:32+00:00,6030.0,263.0,255.8,273.5,-39.48999,-13.054975,26.0,105.0,0.5137377728271484,True,REGULAR,USD
174,SPXW250310P06035000,2025-03-07 20:42:18+00:00,6035.0,294.8,259.6,278.1,25.849976,9.611443,8.0,22.0,0.5158739819335938,True,REGULAR,USD
175,SPXW250310P06040000,2025-03-07 20:41:58+00:00,6040.0,295.31,265.8,283.5,-12.100006,-3.9361134,33.0,77.0,0.5271043383789062,True,REGULAR,USD
176,SPXW250310P06045000,2025-03-07 20:36:44+00:00,6045.0,284.44,269.6,288.0,-21.730011,-7.0973673,5.0,38.0,0.5279588220214844,True,REGULAR,USD
177,SPXW250310P06050000,2025-03-07 19:33:25+00:00,6050.0,271.72,275.8,293.5,-38.799988,-12.495166,46.0,226.0,0.5403488348388674,True,REGULAR,USD
178,SPXW250310P06055000,2025-03-07 20:32:15+00:00,6055.0,285.13,279.6,298.0,35.550003,14.243931,10.0,52.0,0.5410812493896486,True,REGULAR,USD
179,SPXW250310P06060000,2025-03-07 21:01:52+00:00,6060.0,298.05,285.8,303.5,-18.950012,-5.977922,63.0,108.0,0.5535017794799805,True,REGULAR,USD
180,SPXW250310P06065000,2025-03-07 21:07:37+00:00,6065.0,302.63,289.6,308.0,81.850006,37.07311,116.0,62.0,0.554112124938965,True,REGULAR,USD
181,SPXW250310P06070000,2025-03-07 21:07:37+00:00,6070.0,307.83,294.6,315.2,-19.170013,-5.8623896,60.0,106.0,0.5862468133544922,True,REGULAR,USD
182,SPXW250310P06075000,2025-03-07 20:27:51+00:00,6075.0,306.52,300.6,318.7,26.410004,9.428441,102.0,95.0,0.5754436987304687,True,REGULAR,USD
183,SPXW250310P06080000,2025-03-07 18:22:21+00:00,6080.0,338.46,304.7,324.7,57.78,20.58572,10.0,78.0,0.5936930279541017,True,REGULAR,USD
184,SPXW250310P06085000,2025-03-07 20:34:51+00:00,6085.0,314.8,309.6,328.0,-24.120026,-7.116731,23.0,68.0,0.5798687033081055,True,REGULAR,USD
185,SPXW250310P06090000,2025-03-07 20:34:51+00:00,6090.0,319.91,314.7,335.2,16.800018,5.5425487,30.0,118.0,0.6125832199096681,True,REGULAR,USD
186,SPXW250310P06095000,2025-03-07 19:37:28+00:00,6095.0,320.7,319.6,340.2,-28.470001,-8.153622,25.0,14.0,0.6190986576843263,True,REGULAR,USD
187,SPXW250310P06100000,2025-03-07 20:15:57+00:00,6100.0,341.4,324.7,345.2,-25.179993,-6.8688946,32.0,773.0,0.6255988368225098,True,REGULAR,USD
188,SPXW250310P06105000,2025-03-07 20:57:53+00:00,6105.0,331.1,329.6,350.2,23.360016,7.590829,31.0,37.0,0.6320837573242188,True,REGULAR,USD
189,SPXW250310P06110000,2025-03-07 20:57:53+00:00,6110.0,336.16,334.6,353.7,-30.320007,-8.273304,17.0,63.0,0.6203346072387697,True,REGULAR,USD
190,SPXW250310P06115000,2025-03-07 20:26:08+00:00,6115.0,349.83,339.6,360.2,-17.800018,-4.8418293,4.0,56.0,0.6449620465087891,True,REGULAR,USD
191,SPXW250310P06120000,2025-03-07 20:33:04+00:00,6120.0,355.0,344.6,363.7,-36.73001,-9.376359,28.0,94.0,0.6329687582397462,True,REGULAR,USD
192,SPXW250310P06125000,2025-03-07 15:39:04+00:00,6125.0,424.53,349.6,368.7,143.54999,51.089035,3.0,80.0,0.6392553164672851,True,REGULAR,USD
193,SPXW250310P06130000,2025-03-06 19:24:53+00:00,6130.0,405.74,354.6,373.7,0.0,0.0,1.0,31.0,0.6455113574218749,True,REGULAR,USD
194,SPXW250310P06135000,2025-03-07 16:44:05+00:00,6135.0,461.0,359.6,378.0,80.5,21.156374,2.0,12.0,0.6427342855834962,True,REGULAR,USD
195,SPXW250310P06140000,2025-03-07 20:38:57+00:00,6140.0,391.98,364.6,383.7,-1.3899841,-0.35335287,2.0,16.0,0.5024768991088868,True,REGULAR,USD
196,SPXW250310P06145000,2025-03-04 20:43:41+00:00,6145.0,328.61,369.6,388.0,0.0,0.0,11.0,18.0,0.6550632638549806,True,REGULAR,USD
197,SPXW250310P06150000,2025-03-07 18:50:41+00:00,6150.0,395.28,374.6,393.7,4.0799866,1.0429413,1.0,17.0,0.5129443237304687,True,REGULAR,USD
198,SPXW250310P06155000,2025-03-07 20:59:25+00:00,6155.0,383.1,379.6,398.0,242.67001,172.80498,16.0,4.0,0.5097400100708008,True,REGULAR,USD
199,SPXW250310P06160000,2025-03-07 15:33:35+00:00,6160.0,448.15,384.6,403.7,116.51999,35.135536,1.0,6.0,0.523320196533203,True,REGULAR,USD
200,SPXW250310P06165000,2025-03-07 03:07:30+00:00,6165.0,403.56,389.6,408.0,249.98999,162.78569,1.0,2.0,0.519963296508789,True,REGULAR,USD
201,SPXW250310P06170000,2025-03-07 15:58:57+00:00,6170.0,449.3,394.6,413.7,149.20999,49.72175,2.0,20.0,0.5336350347900392,True,REGULAR,USD
202,SPXW250310P06175000,2025-03-05 15:59:24+00:00,6175.0,390.08,399.6,420.1,0.0,0.0,1.0,7.0,0.5549360913085939,True,REGULAR,USD
203,SPXW250310P06180000,2025-02-27 16:35:55+00:00,6180.0,216.0,404.6,423.0,0.0,0.0,1.0,2.0,0.5352524502563477,True,REGULAR,USD
204,SPXW250310P06190000,2025-03-07 15:32:30+00:00,6190.0,482.14,414.6,433.0,34.710022,7.7576427,2.0,6.0,0.5453536676025392,True,REGULAR,USD
205,SPXW250310P06195000,2025-03-04 15:00:32+00:00,6195.0,428.96,419.6,438.3,0.0,0.0,1.0,2.0,0.5542647113037109,True,REGULAR,USD
206,SPXW250310P06200000,2025-03-07 16:52:46+00:00,6200.0,531.8,424.9,443.7,116.94,28.187824,2.0,25.0,0.5680585186767577,True,REGULAR,USD
207,SPXW250310P06210000,2025-03-06 17:12:46+00:00,6210.0,467.32,434.9,453.3,0.0,0.0,2.0,3.0,0.5732159378051759,True,REGULAR,USD
208,SPXW250310P06220000,2025-03-07 20:24:38+00:00,6220.0,457.26,444.6,463.0,457.26,,5.0,0.0,0.5754436987304687,True,REGULAR,USD
209,SPXW250310P06225000,2025-03-07 18:39:33+00:00,6225.0,470.27,449.9,468.7,200.04999,74.032265,3.0,1.0,0.5933878552246095,True,REGULAR,USD
210,SPXW250310P06230000,2025-03-07 20:24:38+00:00,6230.0,467.23,454.6,473.0,-18.799988,-3.8680713,1.0,3.0,0.5853618124389649,True,REGULAR,USD
211,SPXW250310P06235000,2025-03-07 18:35:31+00:00,6235.0,497.28,459.9,477.9,255.38,105.572556,1.0,1.0,0.5930216479492189,True,REGULAR,USD
212,SPXW250310P06250000,2025-03-06 17:12:33+00:00,6250.0,505.88,474.6,493.7,0.0,0.0,2.0,3.0,0.6145058081054688,True,REGULAR,USD
213,SPXW250310P06300000,2025-03-07 17:53:22+00:00,6300.0,567.61,524.6,543.3,242.87997,74.79443,3.0,13.0,0.6579624047851562,True,REGULAR,USD
214,SPXW250310P06325000,2025-03-07 19:50:07+00:00,6325.0,567.52,549.6,568.2,567.52,,19.0,0.0,0.6804841522216798,True,REGULAR,USD
215,SPXW250310P06350000,2025-03-07 19:26:20+00:00,6350.0,578.08,574.6,593.2,203.6,54.36872,11.0,12.0,0.704226590576172,True,REGULAR,USD
216,SPXW250310P06375000,2025-03-07 20:13:25+00:00,6375.0,603.34,599.6,620.1,603.34,,30.0,12.0,0.7553125054931642,True,REGULAR,USD
217,SPXW250310P06425000,2025-03-04 13:07:03+00:00,6425.0,607.5,652.1,670.1,0.0,0.0,6.0,6.0,0.8363053479003906,True,REGULAR,USD
218,SPXW250310P06500000,2025-03-06 14:44:11+00:00,6500.0,748.5,724.6,745.0,748.5,,,3.0,0.8711560736083983,True,REGULAR,USD
219,SPXW250310P06600000,2025-02-18 06:45:13+00:00,6600.0,454.28,824.5,843.6,0.0,0.0,,1.0,0.9356695886230468,True,REGULAR,USD
220,SPXW250310P06700000,2025-02-18 06:45:13+00:00,6700.0,554.03,924.5,943.1,0.0,0.0,,1.0,1.0116016217041015,True,REGULAR,USD
